N,time,est_eig,exact eig
5,11.596,-10.326,-10.326237921249266
5,45.785,-16.242,-16.326237921249266
5,78.703,-12.757,-15.326237921249259
5,91.28,-7.326,-7.32623792124927
